{
    "timestamp": {
        "mean": [
            14.584917068481445
        ],
        "std": [
            8.695059776306152
        ],
        "min": [
            0.0007427670061588287
        ],
        "max": [
            33.122100830078125
        ],
        "q01": [
            0.226139984279871
        ],
        "q99": [
            31.46021108627319
        ]
    },
    "observation.state": {
        "mean": [
            -14.505782127380371,
            65.92166900634766,
            -53.39628219604492,
            0.4075053930282593,
            11.050704002380371,
            6.036419868469238,
            9.614608764648438
        ],
        "std": [
            31.36095428466797,
            47.4780158996582,
            38.30830383300781,
            5.317471027374268,
            16.110797882080078,
            6.186216831207275,
            14.584165573120117
        ],
        "min": [
            -76.79199981689453,
            0.22300000488758087,
            -102.18199920654297,
            -14.156000137329102,
            -27.836000442504883,
            -5.150000095367432,
            0.0
        ],
        "max": [
            21.011999130249023,
            121.41000366210938,
            0.4560000002384186,
            13.241000175476074,
            53.12099838256836,
            26.003000259399414,
            54.11000061035156
        ],
        "q01": [
            -75.06600189208984,
            0.4560000002384186,
            -101.81400299072266,
            -12.986200189590454,
            -20.469999313354492,
            -5.089000225067139,
            0.0
        ],
        "q99": [
            21.011999130249023,
            120.77319717407225,
            0.4560000002384186,
            11.095399951934771,
            44.10919971466064,
            25.847000122070312,
            51.380001068115234
        ]
    },
    "action": {
        "mean": [
            -0.0027343311812728643,
            -0.0010941699147224426,
            -0.0013092132285237312,
            -0.0011724602663889527,
            0.005641138181090355,
            -0.0017494293861091137,
            -5.647343703785168e-11
        ],
        "std": [
            1.0224289894104004,
            1.67524254322052,
            1.4225939512252808,
            0.44317927956581116,
            1.2274806499481201,
            0.17384205758571625,
            0.012774319387972355
        ],
        "min": [
            -14.649999618530273,
            -28.121999740600586,
            -35.52299880981445,
            -6.9079999923706055,
            -39.50600051879883,
            -2.5910000801086426,
            -0.2289000004529953
        ],
        "max": [
            11.361000061035156,
            50.198001861572266,
            40.9640007019043,
            9.531000137329102,
            16.527999877929688,
            3.374000072479248,
            0.31850001215934753
        ],
        "q01": [
            -3.0580000638961793,
            -3.6632999300956723,
            -3.048550045490265,
            -1.2152500092983245,
            -2.709350037574768,
            -0.5494499921798706,
            -0.036400001496076584
        ],
        "q99": [
            2.991100072860713,
            3.862149941921223,
            2.9216000199317627,
            1.2882499635219555,
            2.741650021076195,
            0.5042499840259533,
            0.03709999844431877
        ]
    }
}